account,opp,stage,fc,amount,dormant_floor,win_stored,win_new,mom_stored,mom_new,verdict,dormant_reason
SAMI,SAMI_S2P,Shortlisted,Best Case,2200000.0,,60.0,60.0,60.0,60.0,Slowing,
The Government of Scotland,Scottish Government Pecos PCS Replacement,Formal Evaluation,Pipeline,2000000.0,,5.0,5.0,22.3,16.8,Off Track,
Siemens AG,"Siemens Intake, Catalog Mgmt, Buying",Qualified,Pipeline,1578840.0,,27.8,27.8,53.5,53.5,Slowing,
Allstate,Allstate - S2P 2025,Shortlisted,Upside Key Deal,1500000.0,,41.8,41.8,49.0,49.0,Slowing,
Robert Bosch GmbH,Bosch S2P,Shortlisted,Best Case,1200000.0,,66.0,66.0,60.0,60.0,Slowing,
AIR FRANCE KLM,AF KLM S2C/P 2025,Qualified,Pipeline,1000000.0,,30.0,27.6,61.4,55.9,Slowing,
Truist,Truist_Orchestration_May 2026,Formal Evaluation,Pipeline,950000.0,,5.0,5.0,25.0,25.0,Off Track,
"Mizuho Bank, Ltd.",Mizuho Americas [S2P] 2024,Shortlisted,Best Case,859260.0,,66.9,60.9,61.9,52.9,Slowing,
PBF Energy,PBF_S2P_RFP_June'26,Formal Evaluation,Pipeline,823000.0,,50.9,50.9,85.0,85.0,At Risk,
Alpla,Alpla [S2P] Mar'26,Formal Evaluation,Pipeline,800000.0,,52.0,52.0,91.0,91.0,On Track,
Nexteer Automotive Group Limited,Nexteer_S2P_2025,Qualified,Pipeline,784550.0,,5.0,5.0,32.3,32.3,Slowing,
Galp Energia,Galp_S2P,Qualified,Pipeline,740000.0,YES,6.0,5.0,46.0,8.0,Slowing,buyer has parked the deal (next step: 'On Hold') with no live engagement (engagement pts 1.0) — a status update confirming a freeze is not buyer momentum; dormant
Wacker chemie,"Wacker_CLM,Sourcing,Intake,Supplier",Formal Evaluation,Pipeline,734920.0,,26.7,21.7,47.1,42.1,Slowing,
NORTHPORT (MALAYSIA) BHD,MMC- 7 Ports,Formal Evaluation,Pipeline,650000.0,,29.2,29.2,50.0,50.0,Slowing,
Perdue Farms,Perdue S2P RFI,Formal Evaluation,Pipeline,613360.0,,5.0,5.0,25.0,25.0,At Risk,
Atlas Air Inc,Atlas Air Worldwide S2P,Formal Evaluation,Pipeline,550000.0,,35.5,35.5,47.0,47.0,Slowing,
Changi Airport Group (Singapore) Pte. Ltd,Changi Airport_S2P,Qualified,Pipeline,550000.0,,,5.0,,25.0,Off Track,
Nidec Corporation,Nidec China Phase 1,Formal Evaluation,Pipeline,550000.0,,48.8,48.8,85.0,85.0,At Risk,
Department of Justice,WA DOJ,Formal Evaluation,Pipeline,550000.0,,23.8,20.4,54.9,50.0,Slowing,
ALTRAD,ALTRAD_S2P,Formal Evaluation,Pipeline,550000.0,,5.0,5.0,17.8,13.6,Slowing,
World Bank Group,World Bank Group_iSourcing/iSupplier/Merlin Intake,Qualified,Pipeline,550000.0,,5.0,5.0,31.6,31.6,Slowing,
Sabic Innovative Plastics US LLC,SABIC_P2P_May'25,Formal Evaluation,Best Case,518000.0,,52.0,52.0,91.0,91.0,Close Date Risk,
Starbucks Coffee Company,Starbucks_S2P,Formal Evaluation,Pipeline,500000.0,,13.7,8.7,50.9,45.9,Slowing,
SMRT Corporation Ltd,SMRT_S2P,Formal Evaluation,Pipeline,500000.0,,35.8,33.1,36.5,33.8,Slowing,
Keurig Dr Pepper,Dr. Pepper - S2P,Formal Evaluation,Pipeline,500000.0,,46.9,42.5,68.7,60.0,Slowing,
Goldman Sachs,Goldman_Sachs_S2P_2026,Qualified,Pipeline,500000.0,,30.0,30.0,67.9,60.0,Slowing,
"Sunrun, Inc.",Sunrun S2P,Qualified,Pipeline,500000.0,,6.9,5.0,57.2,52.0,Slowing,
NHS BSA,NHS BSA,Qualified,Pipeline,500000.0,,5.0,5.0,26.0,26.0,Off Track,
Cooke,Cooke [iSource & P2P],Formal Evaluation,Pipeline,500000.0,,11.6,11.6,25.0,25.0,Off Track,
SOUTH AFRICAN REVENUE SERVICES ( SARS ),SARS_eProcurement,Shortlisted,Best Case,500000.0,,52.0,52.0,65.0,60.0,Slowing,
Virgin Australia Airlines Pty Ltd,Virgin Australia S2C,Formal Evaluation,Pipeline,500000.0,,33.5,33.5,60.0,60.0,At Risk,
Elbe Flugzeugwerke GmbH,EFW_DE_S2C,Formal Evaluation,Pipeline,500000.0,,5.0,5.0,25.0,25.0,Slowing,
JPMorgan Chase & Co,JPMC S2O 2026,Qualified,Pipeline,500000.0,,13.8,13.8,58.0,58.0,Slowing,
The Ministry of Finance,MOF_SF_S2C,Qualified,Pipeline,500000.0,,5.0,5.0,25.0,25.0,Slowing,
AES Corporation,AES_2025,Formal Evaluation,Pipeline,500000.0,,5.0,5.0,25.0,25.0,Slowing,
PROVINCIAL TREASURY - GAUTENG,Provincial Treasury S2P - Opp,Formal Evaluation,Pipeline,475000.0,,21.6,18.6,38.0,35.0,Off Track,
KEPPEL INFRASTRUCTURE HOLDINGS PTE. LTD.,keppel Group level,Qualified,Pipeline,450000.0,,30.0,30.0,64.0,60.0,Slowing,
Hong Kong Aircraft Engineering Company Limited,HAECO_HK_S2P,Formal Evaluation,Best Case,450000.0,,,16.5,,35.0,Off Track,
John Deere,JD_Merlin+AgenticAI_2025,Shortlisted,Best Case,450000.0,,52.0,52.0,88.0,88.0,At Risk,
Cornell University,Cornell_Opp_Feb'26,Shortlisted,Upside Key Deal,450000.0,,27.1,27.1,28.5,28.5,At Risk,
DOMINO'S PIZZA ENTERPRISES LIMITED,Domino's S2C + ANA,Formal Evaluation,Pipeline,450000.0,,70.0,70.0,90.0,90.0,Close Date Risk,
The Hong Kong Jockey Club,HKJC_S2P,Formal Evaluation,Pipeline,450000.0,,52.0,52.0,85.0,85.0,Close Date Risk,
Greencore Group,Greencore_s2p_2026,Qualified,Pipeline,450000.0,,30.0,30.0,63.3,63.3,Close Date Risk,
Austrian Post,Austrian Post 2025  - S2P and Intake,Shortlisted,Upside Key Deal,448680.0,,58.2,58.2,56.7,56.7,Slowing,
"Bass Pro, LLC",BassPro_[P2P]March'26,Shortlisted,Upside Key Deal,445200.0,,52.0,52.0,50.6,50.6,Close Date Risk,
Easa Saleh Al Gurg Group,Easa Saleh Al Gurg Group_P2P_2026,Qualified,Pipeline,400000.0,YES,5.0,5.0,25.0,8.0,Slowing,buyer has parked the deal (next step: 'freeze') with no live engagement (engagement pts 0.0) — a status update confirming a freeze is not buyer momentum; dormant
Anora Group Plc,Anora_S2P_2025,Formal Evaluation,Pipeline,400000.0,,22.2,16.2,43.6,37.6,Slowing,
ZS,ZS_S2P_2026,Qualified,Pipeline,400000.0,,30.0,30.0,64.0,64.0,On Track,
FGV Holdings Berhad,FGV Holdings Berhad,Formal Evaluation,Pipeline,400000.0,YES,33.3,5.0,57.9,8.0,Slowing,buyer has parked the deal (next step: 'on hold') with no live engagement (engagement pts 1.0) — a status update confirming a freeze is not buyer momentum; dormant
National Procurement Commission of Papua New Guinea (PNG),"National Procurement Commission, PNG_S2C_2026",Formal Evaluation,Pipeline,400000.0,,26.7,26.7,50.0,50.0,Slowing,
"Raymond James Financial, Inc",RJ_In_Orch_26,Qualified,Pipeline,400000.0,,5.0,5.0,28.3,22.5,Slowing,
United Overseas Bank Limited Co,UOB_S2P,Formal Evaluation,Pipeline,400000.0,,52.0,50.1,91.0,60.0,Slowing,
Ahlstrom,Ahlstrom_S2P,Formal Evaluation,Pipeline,400000.0,,52.0,44.0,81.8,60.0,Slowing,
Teads,Teads [P2P] March2026,Closed Lost,Closed,397440.0,,,,,,Off Track,
DFI Retail Group,DFI_HK_S2P,Formal Evaluation,Pipeline,360000.0,,13.1,13.1,25.0,25.0,At Risk,
SaskTel,SaskTel S2P Opp- Aug'25,Shortlisted,Best Case,357898.0,,17.5,17.5,25.0,25.0,Off Track,
IPG,IPG_Spend_June2026,Qualified,Pipeline,350000.0,,30.0,30.0,75.0,75.0,On Track,
Signet Jewelers,"Signet Jewelers_CLM Merlin, Merlin Intake, Spend Analytics",Qualified,Pipeline,350000.0,,30.0,30.0,90.0,90.0,On Track,
Grupo Argos,Grupo Argos-EY LATAM_S2P_Jan'26,Formal Evaluation,Pipeline,350000.0,,11.1,8.1,38.0,35.0,Off Track,
Tata Steel Nederland BV,Tata Steel _Merlin AI,Qualified,Pipeline,350000.0,,19.6,17.6,47.5,45.5,On Track,
Associated Materials,Associated Materials [S2P] March'2026,Qualified,Pipeline,350000.0,,5.0,5.0,31.0,31.0,Slowing,
Revvity Inc,Revvity S2P RFP 2025,Formal Evaluation,Pipeline,350000.0,,8.3,8.3,25.0,25.0,Slowing,
Pladis Global,PladisGlobalP2P,Formal Evaluation,Pipeline,350000.0,,52.0,52.0,76.9,76.9,Close Date Risk,
First Gen Corporation,FirstGen_S2P,Qualified,Pipeline,350000.0,,29.4,25.7,57.6,50.1,Close Date Risk,
Brickworks,Brickworks S2P,Qualified,Pipeline,350000.0,,5.0,5.0,25.0,25.0,Slowing,
"GLOBE TELECOM, INC",Globe Telecom S2P,Shortlisted,Best Case,350000.0,,49.4,47.0,57.0,54.1,Close Date Risk,
Mantu group,Mantu_S2P,Formal Evaluation,Pipeline,350000.0,,30.8,27.7,66.2,60.0,Slowing,
FAR EAST ORGANISATION PTE. LTD.,Far East Organization_S2P,Qualified,Pipeline,350000.0,,22.2,21.2,59.0,57.0,Slowing,
The Australian National University,ANU_S2P_2026,Qualified,Pipeline,350000.0,,5.6,5.6,25.0,25.0,Slowing,
SATS Ltd,SATS_S2P,Qualified,Pipeline,350000.0,,26.4,26.4,60.0,60.0,Slowing,
STANDARD CHARTERED BANK,Standard Chartered S2C,Qualified,Pipeline,350000.0,,27.2,24.9,62.0,57.4,Slowing,
NATIONAL HOLDING,National Holding S2C,Formal Evaluation,Pipeline,345000.0,,52.0,52.0,84.4,84.4,Close Date Risk,
S&C Electric Company,S&C Electric_S2C_May 2024,Shortlisted,Upside Key Deal,340000.0,,70.0,70.0,91.0,91.0,Close Date Risk,
Temasek,Temasek Holding (S2C,Formal Evaluation,Best Case,325000.0,,50.5,50.5,96.0,96.0,At Risk,
"Ashley Global Retail, LLC",AshleyFurniture_S2P_April'26,Formal Evaluation,Pipeline,320000.0,,35.8,35.8,44.3,44.3,Slowing,
Avaya Corp,Avaya [S2P] June 2026,Formal Evaluation,Pipeline,320000.0,,52.0,52.0,91.0,60.0,Slowing,
CLARINS,Clarins_S2P,Qualified,Best Case,300000.0,,18.8,16.8,50.0,48.0,At Risk,
Cebu Pacific Air,Cebu Pacific,Formal Evaluation,Best Case,300000.0,,,17.6,,35.0,Off Track,
"Owens & Minor, Inc",Owens&Minor_iAnalyze+Intake+ANA_June'26,Qualified,Pipeline,300000.0,,29.9,29.9,57.5,57.5,Slowing,
ASYAD,ASYAD_ S2P_2026,Formal Evaluation,Pipeline,300000.0,,59.3,59.3,57.0,57.0,Slowing,
Cathay Pacific Airways Limited,Cathay Pacific,Qualified,Pipeline,300000.0,,5.0,5.0,25.0,25.0,Slowing,
BP,BP Castrol _Tailspend Ana/eSourcing,Qualified,Pipeline,300000.0,,6.8,6.8,46.0,46.0,At Risk,
BP,BP_S2P_Controltower Global,Formal Evaluation,Pipeline,300000.0,,5.0,5.0,22.3,16.8,Off Track,
DOCAPOSTE,DOCAPOSTE_S2P,Qualified,Pipeline,300000.0,,22.4,22.4,36.4,36.4,Slowing,
CHEP,CHEP Opp - November '25,Qualified,Pipeline,300000.0,,5.0,5.0,46.5,41.5,Slowing,
"Squarespace, Inc.",Squarespace [Spend/ANA] April'26,Formal Evaluation,Pipeline,300000.0,,22.7,20.7,32.1,30.1,Slowing,
Rompetrol Group - Romania,Rompetrol_S2P,Formal Evaluation,Pipeline,300000.0,,41.1,41.1,58.0,58.0,At Risk,
Renuity,Renuity_S2P+Intake_June'26,Formal Evaluation,Pipeline,300000.0,,52.0,52.0,77.5,77.5,On Track,
Nedbank Ltd,Nedbank S2P,Formal Evaluation,Pipeline,300000.0,,9.2,9.2,25.0,25.0,Slowing,
FrieslandCampina,Friesland_Upstream - 2025,Qualified,Pipeline,300000.0,,5.0,5.0,10.0,10.0,Slowing,
GRAB,GRAB_CLM_Intake,Qualified,Pipeline,300000.0,,6.8,6.8,38.0,38.0,Slowing,
Welltower Inc.,Welltower_eProcurement_April2026,Qualified,Pipeline,300000.0,,5.0,5.0,27.6,27.6,At Risk,
The Lubrizol Corporation,Lubrizol [S+P2P] June'26,Qualified,Pipeline,300000.0,,29.6,29.6,57.5,57.5,Slowing,
GAMUDA BERHAD,Gamuda P2P,Shortlisted,Best Case,300000.0,,52.0,52.0,56.0,56.0,Slowing,
Urban Utilities,Urban Utilities_S2C,Qualified,Pipeline,300000.0,,5.0,5.0,25.0,25.0,At Risk,
Wheelson Technologies,Mumtalakat Wealth Fund,Shortlisted,Best Case,300000.0,,52.0,52.0,52.3,52.3,Slowing,
GRAINCORP,GrainCorp_S2C_2024,Shortlisted,Pipeline,300000.0,YES,21.3,14.3,15.0,8.0,Slowing,buyer has parked the deal (next step: 'on hold') with no live engagement (engagement pts 0.0) — a status update confirming a freeze is not buyer momentum; dormant
BlueScope Steel Limited,Bluescope Steel_S2P_2026,Initial Interest,Pipeline,300000.0,,5.0,5.0,21.2,21.2,Slowing,
Whirlpool Corporation,Whirlpool_S2P_2025,Qualified,Pipeline,300000.0,,15.8,5.0,46.0,35.0,Off Track,
Henry Schein Inc,Henry Schein [ANA] 2025,Formal Evaluation,Pipeline,300000.0,,5.0,5.0,22.2,16.6,Slowing,
Turnwell,Turnwell_S2C_2026,Formal Evaluation,Pipeline,300000.0,,15.2,5.0,46.6,35.0,Off Track,
VetPartners Australia Pty Ltd,VetPartners_S2C_2025,Qualified,Pipeline,300000.0,,5.0,5.0,25.0,25.0,Slowing,
Australian Homeware Enterprises,Aust Homeware Enterp,Closed Lost,Omitted,280000.0,,,,,,Off Track,
Watchtower Bible Tract Society of New York,Watchtower Bible Tract Society of New York Opp - June '25,Formal Evaluation,Pipeline,280000.0,,5.0,5.0,15.0,15.0,Slowing,
Foundever Group,Foundever_S2P_Oct25,Formal Evaluation,Best Case,279300.0,,,6.0,,25.0,Off Track,
Intuit Inc,Intuit ANA+P2P,Qualified,Pipeline,275000.0,,5.0,5.0,28.8,28.8,Slowing,
LC Waikiki,LC Waikiki S2C Nov 2025,Formal Evaluation,Pipeline,275000.0,,34.6,19.6,50.0,35.0,Off Track,
Beko Global,Beko_P2P,Formal Evaluation,Pipeline,267000.0,,30.7,20.1,81.3,60.0,Slowing,
Mair Group,Mair Group S2P,Contract In Progress,Commit,265570.0,,99.0,99.0,95.2,95.2,Close Date Risk,
Flydubai,Fly Dubai,Qualified,Pipeline,265000.0,,14.7,9.2,40.9,35.4,Slowing,
MTR Corporation Limited,MTR_HK_CLM,Shortlisted,Best Case,260000.0,YES,60.0,11.5,79.0,8.0,Slowing,buyer has parked the deal (next step: 'frozen') with no live engagement (engagement pts 0.0) — a status update confirming a freeze is not buyer momentum; dormant
Boral Limited,Boral S2C_2026,Qualified,Pipeline,260000.0,,25.1,24.1,54.0,52.0,Slowing,
Bright Horizons Family Solutions,Bright Horizons 2025 - S2P,Shortlisted,Commit,250945.49,,99.0,70.0,91.0,91.0,Close Date Risk,
RHB Banking Group,RHB_S2P_2026,Qualified,Pipeline,250000.0,,30.0,30.0,64.0,60.0,Slowing,
ST Engineering,STE Agentic Suite (phase 2),Qualified,Pipeline,250000.0,,30.0,30.0,58.0,58.0,Slowing,
DP World,DPWorld_Spend+Intake_June'26,Formal Evaluation,Pipeline,250000.0,,52.0,52.0,74.7,74.7,On Track,
Netwealth Investments,"Netwealth_SRPM,CLM,Spend_2026",Qualified,Pipeline,250000.0,,30.0,30.0,69.0,63.4,Close Date Risk,
Intuitive Surgical Operations Inc,IntuSurg_June 26',Qualified Out,Omitted,250000.0,,,,,,Off Track,
Publicis Groupe,Publicis - CLM and Request Management,Vendor Selected,Commit,250000.0,,99.0,99.0,99.0,99.0,On Track,
ZS,ZS S2P 2025,Omitted,Omitted,250000.0,,,,,,At Risk,
NBN Co limited,NBN_S2C_2026,Qualified,Pipeline,250000.0,,8.0,8.0,46.0,46.0,On Track,
"Del Monte Foods, Inc",DelMonte_Mexico_S2C,Qualified,Pipeline,250000.0,,30.0,30.0,52.0,52.0,Slowing,
Aegon,Aegon_S2P,Qualified,Pipeline,250000.0,,5.0,5.0,34.0,34.0,Slowing,
Barnes & Noble Booksellers Inc,Barnes&Noble_Sourcing+CLM+ANA_April'26,Formal Evaluation,Pipeline,250000.0,,52.0,52.0,83.2,60.0,Slowing,
Lincoln Financial,Lincon Fin [S2P] Jun'26,Qualified,Pipeline,250000.0,,,5.0,,48.0,At Risk,
Micron,Micron_SRPM_Jun'26,Formal Evaluation,Pipeline,250000.0,,52.0,52.0,94.0,94.0,On Track,
National University of Singapore,NUS_S2C,Qualified,Pipeline,250000.0,,7.8,7.8,25.0,25.0,Slowing,
Commscope Inc,Commscope_SRM+ANA+Intake+eProc_April'26,Qualified,Pipeline,250000.0,,5.0,5.0,32.2,32.2,At Risk,
Vancity Group,VanCity S2P RFI,Formal Evaluation,Pipeline,250000.0,,5.0,5.0,25.0,25.0,At Risk,
OXXO,OXXO_2026,Formal Evaluation,Pipeline,250000.0,,44.5,44.5,76.5,76.5,At Risk,
Louis Dreyfus Company,Louis Dreyfus - P2P,Formal Evaluation,Pipeline,250000.0,,5.0,5.0,19.0,17.0,Slowing,
Teladoc Health Inc,"Teladoc Health_SRM, iContract, iRisk_May2025",Qualified,Pipeline,250000.0,YES,5.0,5.0,25.0,8.0,Slowing,buyer has parked the deal (next step: 'frozen') with no live engagement (engagement pts 0.0) — a status update confirming a freeze is not buyer momentum; dormant
Bekaert,Bekaert_S2P,Qualified,Pipeline,250000.0,,5.0,5.0,28.8,28.8,Slowing,
Kawan Lama Group,Kawan Lama Group - S2P,Formal Evaluation,Pipeline,250000.0,,52.0,52.0,67.4,60.0,Slowing,
Arnott's Biscuits Limited,Arnotts Biscuits_S2C,Qualified,Pipeline,250000.0,,5.0,5.0,25.0,25.0,At Risk,
Boyd Gaming,Boyd Gaming_ANA + S2C,Formal Evaluation,Pipeline,250000.0,,25.1,25.1,31.0,31.0,Slowing,
Cavendish Farms Inc,Cavendish Farms S2P - Phase I,Qualified,Pipeline,250000.0,,5.0,5.0,25.0,25.0,Off Track,
CIVEO PTY LTD,Civeo_S2C_2026,Formal Evaluation,Pipeline,250000.0,,52.0,52.0,91.0,60.0,Slowing,
Ferrero,Ferrero_S2P,Qualified,Pipeline,250000.0,,30.0,30.0,64.0,64.0,On Track,
WorkSafe Victoria,WorkSafe Victoria_S2C_Agentic AI_2025,Qualified,Pipeline,250000.0,,30.0,30.0,64.2,64.2,At Risk,
ABM Industries Incorporated,ABM_Opp_Feb'26,Qualified,Pipeline,250000.0,,5.0,5.0,25.3,25.3,Slowing,
"Simpson Manufacturing Co., Inc",Simpson_S2C+Intake_April 26',Formal Evaluation,Pipeline,250000.0,,50.9,44.9,72.0,60.0,Slowing,
"Simpson Manufacturing Co., Inc",Simpson_Sourcing+Intake+ANA_May'26,Qualified Out,Omitted,250000.0,,30.0,,64.0,,Close Date Risk,
PV Group,PV Group_S2P,Formal Evaluation,Pipeline,250000.0,,15.3,15.3,28.0,28.0,Slowing,
New Balance,NewBalance_SourcingANA_Feb2026,Formal Evaluation,Pipeline,250000.0,,15.3,15.3,31.0,31.0,Off Track,
Centrient Pharmaceuticals,Centrient Pharmaceuticals_S2P,Qualified,Pipeline,250000.0,,28.9,15.9,48.0,35.0,Off Track,
"Kontoor Brands, Inc.",Kontoor_Opp_Jan'26,Formal Evaluation,Pipeline,250000.0,,6.7,6.7,25.0,25.0,Slowing,
Laboratory Corporation of America,Labcorp_S2P_2025,Qualified,Pipeline,250000.0,,5.0,5.0,15.0,15.0,Slowing,
Northeastern University,Northeastern Commercial Services,Qualified,Pipeline,250000.0,,30.0,30.0,91.3,60.0,Slowing,
RTX,RTX_Spend_2026,Qualified,Pipeline,250000.0,,9.7,5.0,48.0,42.5,Slowing,
CS Energy,CS Energy_S2P_2026,Qualified,Pipeline,250000.0,,5.0,5.0,9.0,7.0,Slowing,
HP Hood LLC,HP Hood_Sourcing+SRM+Spend_May'26,Formal Evaluation,Pipeline,250000.0,,46.8,46.8,78.7,78.7,On Track,
Ubisoft Entertainment,Ubisoft_S2P,Formal Evaluation,Best Case,250000.0,,47.3,47.3,82.0,82.0,At Risk,
KPJ Healthcare Berhad,KPJ Healthcare_E-procurement,Qualified,Pipeline,250000.0,,5.0,5.0,21.9,16.9,Slowing,
Link,Link Logistics- 2026 P2P,Qualified,Pipeline,250000.0,,5.0,5.0,25.0,25.0,At Risk,
Amplifon,Amplifon_S2P_2026,Initial Interest,Pipeline,250000.0,,16.2,16.2,51.1,51.1,Slowing,
Regents of the University of California,RUC_S2C_May 26',Formal Evaluation,Pipeline,250000.0,,22.5,11.5,46.0,35.0,Off Track,
Alcoa Corporation,Alcoa [S2P] 2026,Qualified,Pipeline,250000.0,,5.0,5.0,31.0,31.0,Slowing,
"Etsy, Inc",ETSY_25_P2P,Qualified,Pipeline,250000.0,,5.0,5.0,25.0,25.0,Off Track,
Universal Robina Corporation,URC_S2P 2026,Qualified,Pipeline,250000.0,,30.0,30.0,52.0,52.0,Close Date Risk,
"Jazz Pharmaceuticals, Inc",Jazz_Pharma_ANA_June 26',Qualified,Pipeline,250000.0,,30.0,30.0,54.8,54.8,Slowing,
Forbo Flooring Systems,Forbo_2025,Formal Evaluation,Pipeline,250000.0,,12.8,12.8,22.0,22.0,Slowing,
YTL Cement Berhad,YTL Cement_Eprocurement,Formal Evaluation,Pipeline,250000.0,,14.9,14.9,25.0,25.0,Slowing,
"Marmon Holdings, Inc",Marmon_Intake_ANA,Qualified,Pipeline,250000.0,,29.1,29.1,43.6,43.6,Slowing,
Alkermes Inc,Alkermes_Spend Analysis_May'26,Qualified,Pipeline,250000.0,,5.0,5.0,42.0,35.0,Off Track,
Howard Hughes Medical Institute,HHMI_Spend+CLM+P2P+Intake+ANA_April'26,Qualified,Pipeline,250000.0,,5.0,5.0,31.0,31.0,Slowing,
Birmingham City Council_UK,Birmingham City Council_UK_S2C_2026,Formal Evaluation,Pipeline,250000.0,,70.0,66.6,99.0,60.0,Slowing,
The Kraft Heinz Company,KraftHeinz_S2P_Feb2026,Qualified,Pipeline,250000.0,,15.8,11.5,45.3,41.0,Slowing,
Allegiant Travel Company,Allegiant Air S2P,Qualified,Pipeline,250000.0,,5.0,5.0,25.6,25.6,Slowing,
Walgreen Co.,Walgreens_S2C_2026,Qualified,Pipeline,250000.0,,26.3,26.3,53.5,53.5,Slowing,
Maxis Bhd,Maxis Berhad_S2P_2026,Formal Evaluation,Pipeline,250000.0,,28.7,28.7,54.7,54.7,At Risk,
ACEN,ACEN S2P,Vendor Selected,Best Case,245000.0,,81.9,79.2,51.5,48.8,Slowing,
Omnia Holdings Limited,OmniaS2C24 Contract Renewal 7/1/2031,Vendor Selected,Best Case,234000.0,,99.0,99.0,60.1,60.1,Close Date Risk,
Omnia Holdings Limited,OmniaS2C24 Annual Invoicing 7/2/2027,Vendor Selected,Best Case,234000.0,,95.4,95.4,60.1,60.1,Close Date Risk,
Global Switch,Globalswitch_S2P_2026,Shortlisted,Best Case,234000.0,,70.0,70.0,50.0,50.0,On Track,
Roivant Sciences Ltd,Roivant/Immunovant_S2P_RFP_OPP,Shortlisted,Upside Key Deal,225000.0,,,48.1,,46.0,At Risk,
Chantier Davie Canada,Chantier Davie Canada OppS2C - Jan'25,Closed Lost,Omitted,225000.0,,,,,,Off Track,
"IDEXX Laboratories, Inc.",IDEXX March'25,Qualified,Pipeline,225000.0,,5.0,5.0,31.0,31.0,Off Track,
Techtronic Industries Company Limited,Techtronic Industries S2C,Shortlisted,Best Case,220000.0,,52.0,52.0,99.0,60.0,Slowing,
Total Marketing Support Limited,TMS_S2P,Qualified,Pipeline,220000.0,,8.6,6.1,56.9,51.7,Close Date Risk,
Capitec Bank,Capitec_2024 - S2C,Formal Evaluation,Pipeline,218000.0,,22.7,17.2,48.2,42.7,Slowing,
"Cadence Design Systems, Inc.",CadenceDesign_CLM'26,Shortlisted,Best Case,210000.0,,43.2,43.2,51.1,51.1,Slowing,
Traveloka,Traveloka - eProc & Intake,Qualified,Pipeline,200000.0,,30.0,30.0,64.0,64.0,On Track,
AusNet,Ausnet S2C,Formal Evaluation,Pipeline,200000.0,,48.2,45.2,88.0,82.0,Close Date Risk,
Pinsent Masons,Pinsent_Masons_S2P_2026,Formal Evaluation,Pipeline,200000.0,,52.0,52.0,99.0,99.0,On Track,
Kromberg & Schubert,Kromberg & Schubert_ S2C,Qualified,Pipeline,200000.0,,30.0,30.0,56.0,56.0,Slowing,
Cox Automotives ,Cox Automotive_S2C_Merlin Intake_CLM,Qualified,Pipeline,200000.0,,30.0,30.0,67.4,67.4,On Track,
Wanzl Ges.m.b.H,Wanzl_srm_sourcing 2026,Qualified,Pipeline,200000.0,,5.0,5.0,25.0,25.0,Slowing,
Robinsons Land Corporation,Robinsons Land,Qualified,Pipeline,200000.0,,21.4,21.4,50.8,50.8,Slowing,
Aspen Holdings,Aspen S2C,Qualified,Pipeline,200000.0,,8.9,8.9,37.6,37.6,Slowing,
Santam Limited,Santam S2C,Qualified,Pipeline,200000.0,,29.1,26.1,58.9,52.9,Slowing,
Sasol Limited,Sasol_2025,Qualified,Pipeline,200000.0,,5.0,5.0,38.0,35.0,Off Track,
SCG International Corporation,Siam City Cement Public Company,Formal Evaluation,Pipeline,200000.0,,5.0,5.0,17.4,11.9,Slowing,
Swinkels Family Brewers,Swinkels_S2P,Qualified,Pipeline,200000.0,,19.6,14.1,45.5,40.0,Slowing,
Sysmex,Sysmex_March '26,Formal Evaluation,Pipeline,200000.0,,13.3,13.3,25.0,25.0,Slowing,
DAVID YURMAN ENTERPRISES LLC,DavidYurman_Opp_Oct'25,Qualified,Pipeline,200000.0,,5.0,5.0,25.0,25.0,Off Track,
Procter & Gamble,P&G S2C,Qualified,Pipeline,200000.0,,5.0,5.0,37.2,37.2,At Risk,
Demiroren Holding,Demiroren S2P,Qualified,Pipeline,200000.0,,5.0,5.0,42.0,42.0,Slowing,
Sierra Gorda SCM,Sierra Gorda_Intake/Supplier_October2025,Qualified,Pipeline,200000.0,,5.0,5.0,25.0,25.0,Off Track,
ORASCOM CONSTRUCTION CO,ORASCOM CONSTRUCTION_ S2P_2026,Qualified,Pipeline,200000.0,,30.0,30.0,68.9,60.0,Slowing,
Alfred Health Victoria,Alfred Healthcare_P2P_2026,Initial Interest,Pipeline,200000.0,,30.0,30.0,74.8,72.8,Close Date Risk,
PARSONS INTERNATIONAL LIMITED,Parsons_S2P_2026,Qualified,Pipeline,200000.0,,30.0,30.0,64.0,64.0,At Risk,
RADICARE (M) SDN. BHD.,Radicare_S2P_2026,Qualified,Pipeline,200000.0,,29.8,29.8,44.8,44.8,Slowing,
Deutsche Telekom AG,"Deutsche Telekom/ BuyIn eProc, iSource, iSupplier, iContract",Qualified,Pipeline,200000.0,,30.0,29.9,64.0,60.0,Slowing,
Evonik Industries AG,Evonik_S2P_2026,Qualified,Pipeline,200000.0,,30.0,30.0,64.0,60.0,Slowing,
Veritiv,Veritiv_S2P_June26,Qualified,Pipeline,200000.0,,30.0,30.0,58.1,58.1,At Risk,
New Zealand Ministry of Defence,NZ Ministry of Defence_Merlin Intake + ERP,Qualified,Pipeline,200000.0,,24.2,22.2,64.0,60.0,Slowing,
Zeppelin Systems GmbH,zeppelin_S2P,Qualified,Pipeline,200000.0,,30.0,30.0,64.0,60.0,Slowing,
"Carhartt, Inc",Carhartt_S2P_2025,No Decision,Omitted,200000.0,,5.0,,17.8,,Off Track,
"Nissan Africa, Middle East & India",Nissan_S2P_2026,Qualified,Pipeline,200000.0,,5.0,5.0,20.0,20.0,Slowing,
Federated Co-operatives Limited,Federated - P2P,Qualified,Pipeline,200000.0,YES,5.0,5.0,15.0,8.0,Slowing,buyer has parked the deal (next step: 'shelved') with no live engagement (engagement pts 0.0) — a status update confirming a freeze is not buyer momentum; dormant
Pirelli & C. S.p.A,Pirelli_S2C+ANA,Qualified,Pipeline,200000.0,,30.0,30.0,70.0,70.0,Close Date Risk,
Corporativo Fragua SAB de CV,Fragua_S2P_May'26,Formal Evaluation,Pipeline,200000.0,,30.1,30.1,46.0,46.0,At Risk,
Public Investment Fund (PIF),PIF_S2C,Formal Evaluation,Pipeline,200000.0,,34.0,11.7,62.6,35.0,Off Track,
EDENOR,Edenor_S2P_26,Qualified,Pipeline,200000.0,,5.0,5.0,25.0,25.0,Slowing,
Port Authority of NSW,Port Authority NSW_S2P_2026,Qualified,Pipeline,200000.0,,27.2,25.9,67.1,64.4,On Track,
Etex Group,Etex Group_S2P,Formal Evaluation,Pipeline,200000.0,,52.0,52.0,89.0,89.0,On Track,
IAG GBS,IAG_SRM,Formal Evaluation,Pipeline,200000.0,,51.8,43.5,76.6,60.0,Slowing,
"McAfee, LLC",McAfee ANA,Shortlisted,Best Case,200000.0,,52.0,52.0,85.0,60.0,Slowing,
UNITED STEEL INDUSTRIAL CO.,USIC/Kuwait Steel S2P,Formal Evaluation,Pipeline,200000.0,,43.3,43.3,45.0,45.0,Slowing,
Alghanim Industries,Alghanim_S2P_2026,Formal Evaluation,Pipeline,200000.0,,42.4,37.0,58.8,50.0,Close Date Risk,
Intermountain Health,InterMountain_Intake_Ana+Spend_May'26,Formal Evaluation,Pipeline,200000.0,,52.0,52.0,71.8,60.0,Slowing,
vivaaerobus.com,Viva_S2P_May26,Formal Evaluation,Pipeline,200000.0,,52.0,52.0,91.0,91.0,On Track,
jeld-wen,JELD-WEN_S2C_2026,Qualified,Pipeline,200000.0,,30.0,30.0,77.0,77.0,At Risk,
Aeromexico,Aeroméxico S2P via EY LATAM,Formal Evaluation,Pipeline,200000.0,,29.3,29.3,51.4,51.4,At Risk,
I-MED Radiology Network,Imed Radiology_SRPM_P2P_Intake_2026,Qualified,Pipeline,200000.0,,22.3,22.3,51.0,51.0,Slowing,
"KWSP, EPF",EPF Malaysia,Qualified,Pipeline,200000.0,,30.0,30.0,59.5,55.5,Slowing,
International SOS,International SOS_S2C,Qualified,Pipeline,200000.0,,27.9,27.9,53.8,53.8,Slowing,
Riyadh Cables,Riyadh Cables,Formal Evaluation,Pipeline,200000.0,,18.6,16.6,31.1,29.1,Slowing,
Vestacy,Vestacy_S2C,Qualified,Pipeline,200000.0,,26.3,23.5,56.1,50.6,Slowing,
Ipsen Pharma,Ipsen_S2P_2026,Qualified,Pipeline,200000.0,,6.5,5.0,45.0,41.0,At Risk,
Fresh Direct Holdings Inc,FreshDirect Sourcing + SRM + Intake Opp_May'26,Qualified,Pipeline,200000.0,,11.2,6.1,47.8,42.7,Slowing,
Moore,Moore_S2P,Qualified,Pipeline,200000.0,,30.0,30.0,84.5,84.5,On Track,
IC Hotels,IC S2P,Qualified,Pipeline,200000.0,,5.0,5.0,38.0,35.0,Off Track,
Bank Rakyat,Bank Rakyat_2026,Qualified,Pipeline,200000.0,,5.0,5.0,25.0,25.0,Close Date Risk,
Masdar,Masdar (Abu Dhabi Future Energy Company) S2P (note NOT Masdar City),Qualified,Pipeline,200000.0,YES,5.6,5.0,25.0,8.0,Slowing,buyer has parked the deal (next step: 'shelved') with no live engagement (engagement pts 0.6) — a status update confirming a freeze is not buyer momentum; dormant
Eversana,Eversana OppS2C - Mar'25,Qualified,Pipeline,195000.0,,5.0,5.0,23.1,17.7,Slowing,
LCS (Life Care Services),LCS_OPP_Aug24,Formal Evaluation,Best Case,195000.0,,29.4,13.9,50.5,35.0,Off Track,
"Consumer Cellular, Inc",Consumer Cellular__2025,Shortlisted,Upside Key Deal,191000.0,,70.0,70.0,85.0,85.0,Close Date Risk,
Cornerstone OnDemand,CornerstoneOD_OPP_July'25,Formal Evaluation,Pipeline,185000.0,,13.5,13.5,25.0,25.0,Slowing,
"Russell Investments Group, LLC",Russell Investment Scope 1 S2P,Formal Evaluation,Pipeline,182696.0,,29.9,18.9,46.0,35.0,Off Track,
Sitecore,Sitecore_S2P_Apr26,Shortlisted,Upside Key Deal,180000.0,,52.0,52.0,85.0,85.0,Close Date Risk,
Waseef Corporate,Waseef S2P_2026,Formal Evaluation,Pipeline,180000.0,,5.0,5.0,14.0,14.0,Slowing,
BMI Group,BMI_S2C_2025,Formal Evaluation,Pipeline,180000.0,,52.0,52.0,90.0,90.0,Close Date Risk,
Arabian Industries LLC,Arabian Industries,Shortlisted,Best Case,175000.0,,70.0,70.0,57.8,57.8,Slowing,
Hut 8,"Hut 8_ S2C, Spend Opp - July '26",Qualified,Pipeline,175000.0,,5.0,5.0,46.0,46.0,At Risk,
ARUP Laboratories,ARUP_August 25',Shortlisted,Upside Key Deal,165000.0,,67.5,67.5,85.0,85.0,Close Date Risk,
Los Angeles County Metropolitan Transportation Authority,LA County_eproc+clm+sourcing_ March26,Qualified,Pipeline,160000.0,,5.0,5.0,34.5,34.5,Off Track,
Bandhan Bank,Bandhan Bank_S2P,Shortlisted,Best Case,150000.0,,,52.0,,48.0,At Risk,
Shenzhen WIK Domestic Appliances CO Ltd.,WIK_ANA Intake Pilot,Formal Evaluation,Pipeline,150000.0,,30.2,25.2,39.2,34.2,Slowing,
ASSA ABLOY,Assa_Abloy_S2C,Qualified,Pipeline,150000.0,,26.6,26.6,62.9,62.9,On Track,
Piraeus Port Authority,"Piraeurs Port Authority_eSourcing, SRM, CLM",Qualified,Pipeline,150000.0,,26.4,20.6,53.5,46.0,Slowing,
Rocket Lab Ltd,Rocketlab_Sourcing+EProc+SRM_May26,Qualified,Pipeline,150000.0,,5.0,5.0,38.0,35.0,Off Track,
SGD Pharma,SGD Pharma_S2P,Vendor Selected,Pipeline,150000.0,YES,77.5,38.6,46.9,8.0,Slowing,buyer has parked the deal (next step: 'frozen') with no live engagement (engagement pts 0.4) — a status update confirming a freeze is not buyer momentum; dormant
Trelleborg AB,Trelleborg S2C,Qualified,Pipeline,150000.0,,30.0,30.0,64.0,64.0,On Track,
VALLOUREC,Vallourec_S2P,Qualified,Pipeline,150000.0,,29.8,24.5,51.2,45.3,On Track,
Asian Development Bank,ADB CLM,Qualified,Pipeline,150000.0,,5.0,5.0,25.0,25.0,Slowing,
Future Fund,Future Fund_CLM_eSourcing,Qualified,Pipeline,150000.0,,5.0,5.0,29.0,19.5,Slowing,
A2DOMINION HOUSING GROUP LIMITED,A2D_S2P_2026,Formal Evaluation,Pipeline,150000.0,,33.9,33.9,58.0,58.0,At Risk,
On Net Fibra,On Net Fibra_S2P_Apr'26,Qualified,Pipeline,150000.0,,5.0,5.0,21.2,21.2,Slowing,
Cell C,Cell C S2P,Formal Evaluation,Pipeline,150000.0,,33.4,33.4,45.2,45.2,Slowing,
Farplas AS,Farplas_AS_2026,Qualified,Pipeline,150000.0,,18.2,18.2,72.0,72.0,On Track,
Pima County,Pima County_CLM+P2P+Supplier_Mar26,Qualified,Pipeline,150000.0,,5.0,5.0,25.0,25.0,Slowing,
PT. Mitra Pinasthika Mustika Rent (MPM Rent),MPM Rent - eProc&Intake,Qualified,Pipeline,150000.0,,30.0,30.0,64.0,60.0,Slowing,
Press Metal,Press metal_S2C_2026,Qualified,Pipeline,150000.0,,7.9,7.9,33.0,33.0,Slowing,
E&Y_UK,EY_Tail&ANA_2026,Formal Evaluation,Pipeline,150000.0,,52.0,52.0,72.4,60.0,Slowing,
A.R.M. Holding,A.R.M. Holdings_S2C,Formal Evaluation,Pipeline,150000.0,YES,25.4,5.0,61.9,8.0,Slowing,buyer has parked the deal (next step: 'shelved') with no live engagement (engagement pts 0.0) — a status update confirming a freeze is not buyer momentum; dormant
"Sukarne, S.A. De C.V.",SuKarne_Eproc+Spend+Intake_June26,Qualified,Pipeline,150000.0,,21.0,21.0,51.5,51.5,Slowing,
Vitamix Corp,Vitamix Opp- Nov'25,Qualified,Pipeline,150000.0,,5.0,5.0,29.6,24.4,Off Track,
BakerRipley,BakerRipley_P2P+SIM_Opp,Formal Evaluation,Pipeline,150000.0,,32.2,26.8,70.8,60.0,Slowing,
Valiram Group,Valiram P2P 2026,Qualified,Pipeline,150000.0,,30.0,30.0,56.3,56.3,Slowing,
Optimus Steel LLC,OptimusSteel_S2P_April26,Qualified,Pipeline,150000.0,,11.9,11.9,35.2,35.2,Slowing,
Refresco Group,"Refresco_Spend, CLM, Sourcing",Qualified,Pipeline,150000.0,,5.9,5.0,40.6,35.0,Off Track,
Bright Horizons Family Solutions,Bright Horizon Phase 2 - S2P,Qualified,Pipeline,150000.0,,5.0,5.0,25.0,25.0,At Risk,
Nutreco N.V.,Nutreco_eSourcing,Formal Evaluation,Pipeline,150000.0,,52.0,52.0,72.2,60.0,Slowing,
Cinemark Theatres,Cinemark_[Spend+CLM]March26',Formal Evaluation,Pipeline,150000.0,,29.1,18.1,46.0,35.0,Off Track,
Corus Entertainment Inc,Corus_SRPM_CLM_May2026,Qualified,Pipeline,150000.0,,10.0,10.0,42.0,42.0,Slowing,
Quadient,Quadient_2026,Qualified,Pipeline,150000.0,,30.0,30.0,64.0,60.0,At Risk,
AC Logistics (Ayala Logistics),ACLogistics_CLM_Intake,Qualified,Pipeline,150000.0,,30.0,30.0,52.0,52.0,Slowing,
Crusoe Energy Systems,Crusoe_Intake/Source/Eproc/SRPM_June'26,Qualified,Pipeline,150000.0,,30.0,30.0,66.8,66.8,On Track,
Eskom Holdings SOC Ltd,Eskom_Holdings_SOC_Ltd,Qualified,Pipeline,150000.0,,30.0,30.0,63.9,58.9,On Track,
Marquardt Management SE,Marquardt S2P,Qualified,Pipeline,150000.0,,5.0,5.0,38.0,35.0,Off Track,
Nordic Naturals,Nordic_naturals_S2C_May26,Qualified,Pipeline,150000.0,,12.1,12.1,58.0,58.0,On Track,
Dutch Mill Company Limited,Hindsiam_S2P,Qualified,Omitted,150000.0,,,,,,Off Track,
Grupo Nutresa SA,Grupo Nutresa_S2P_Jan'26,Qualified,Pipeline,150000.0,,23.0,12.0,46.0,35.0,Off Track,
HMH,HMH_S2P_Feb26,Qualified,Pipeline,150000.0,,5.0,5.0,25.0,25.0,Off Track,
Thiess,Thiess_S2C_2026,Qualified,Pipeline,150000.0,,30.0,30.0,58.5,58.5,Slowing,
Tyson Foods,Tyson Foods_ANA,Qualified,Pipeline,150000.0,,5.0,5.0,25.0,25.0,Slowing,
University College London,UCL_S2C_P2P_2026,Qualified,Pipeline,150000.0,,20.6,18.1,59.7,54.7,Slowing,
DEPARTMENT OF HEALTH - SA,DEPARTMENT_OF_HEALTH - SA_2026,Qualified,Pipeline,150000.0,,18.7,18.7,52.0,52.0,Slowing,
Dover Corporation,Dover_S2P_Apr'26,Qualified,Pipeline,150000.0,,10.5,10.5,46.0,46.0,At Risk,
Georgia Technology Authority,Georgia Technology Authority_ Opp - February '26,Formal Evaluation,Pipeline,150000.0,,17.6,17.6,31.0,31.0,Off Track,
Olvi Oyj,"Olvi_ANA,Intake,S2C",Qualified,Pipeline,150000.0,,30.0,27.3,56.7,51.4,Close Date Risk,
Opella Healthcare Group SAS,Opella_S2C,Qualified,Pipeline,150000.0,,5.0,5.0,41.0,41.0,At Risk,
Trimco Group,Trimco_S2C_2026,Qualified,Pipeline,150000.0,,30.0,30.0,54.8,54.8,Slowing,
Pluxee,Pluxee_S2P_2026,Qualified,Pipeline,150000.0,,22.4,12.6,57.5,44.0,Slowing,
Johnson Matthey Plc,Johnson_Matthey_S2C_ANA via EY,Qualified,Pipeline,150000.0,,5.0,5.0,46.0,46.0,Slowing,
WESTERN CAPE GOVERNMENT,WESTERN_CAPE_GOVERNMENT_2026,Qualified,Pipeline,150000.0,,5.0,5.0,30.7,25.6,Off Track,
Conga,Conga_S2P_2026,Shortlisted,Best Case,150000.0,,19.9,19.9,25.0,25.0,At Risk,
Yondr Group Limited,Yondr_P2P_2026,Formal Evaluation,Pipeline,150000.0,,70.0,70.0,91.0,91.0,Close Date Risk,
Marvin Engineering Company,MarvinEngineering_S2P_June26,Formal Evaluation,Pipeline,150000.0,,52.0,52.0,73.7,73.7,Close Date Risk,
Amy's Kitchen Inc,Amy's Kitchen - P2P Nov '25,Formal Evaluation,Upside Key Deal,150000.0,,56.6,56.6,57.4,57.4,Close Date Risk,
Careem,Careem_S2C_2026,Qualified,Pipeline,150000.0,,30.0,30.0,37.4,37.4,Slowing,
Desert Financial Credit Union,DesertFin_Spnd+Source+P2P_Jun'26,Qualified,Pipeline,150000.0,,20.1,20.1,55.0,55.0,At Risk,
Orano,Orano_RFP_April26,Formal Evaluation,Pipeline,150000.0,,24.0,24.0,31.0,31.0,Slowing,
Sidel Group,"Sidel_SRM,Eproc,spend",Qualified,Pipeline,150000.0,,30.0,30.0,64.0,64.0,On Track,
EQUATE PETROCHEMICAL COMPANY,EQUATE PETROCHEMICAL COMPANY_Esourcing_2026,Formal Evaluation,Pipeline,150000.0,,39.4,39.4,39.1,39.1,Slowing,
The Magnum Ice Cream Company,Magnum Ice Cream_ANA+Intake,Qualified,Pipeline,150000.0,,30.0,30.0,51.6,51.6,Slowing,
Hollard,Hollard_2025,Qualified,Pipeline,150000.0,,5.0,5.0,25.0,25.0,Off Track,
JG Summit Holdings Inc,JG Summit-2026,Qualified,Pipeline,150000.0,YES,5.0,5.0,25.0,8.0,Slowing,buyer has parked the deal (next step: 'on hold') with no live engagement (engagement pts 0.0) — a status update confirming a freeze is not buyer momentum; dormant
Louisiana Department Of Transportation and Development,LADOTD_Feb 26',Qualified,Pipeline,150000.0,,5.0,5.0,51.0,51.0,Slowing,
McCain Foods Limited,McCain_S2P_2025,Initial Interest,Pipeline,150000.0,YES,5.0,5.0,25.0,8.0,Off Track,buyer has parked the deal (next step: 'on hold') with no live engagement (engagement pts 0.0) — a status update confirming a freeze is not buyer momentum; dormant
Khansaheb,Khansaheb,Shortlisted,Best Case,150000.0,,64.1,64.1,47.7,47.7,Slowing,
Boustead Holdings Berhad,Boustead Plantation_e-procurement,Qualified,Pipeline,150000.0,,5.0,5.0,24.9,19.9,Slowing,
Jemena Pty Ltd,Jemena_S2C_P2P_2026,Qualified,Pipeline,150000.0,,27.0,23.6,54.0,48.6,Slowing,
Saverglass Group,Saverglass_Opp_2026,Qualified,Pipeline,150000.0,,11.2,11.2,31.8,31.8,Slowing,
HONDA OF THE U.K. MANUFACTURING LIMITED,Honda_2025,Qualified,Pipeline,150000.0,,5.0,5.0,44.2,42.2,Slowing,
Monadelphous,Monadelphous_Zycus_S2P,Initial Interest,Pipeline,150000.0,,16.0,16.0,51.9,51.9,Slowing,
Allianz Partners,Allianz_Partners_S2P,Qualified,Pipeline,150000.0,,5.0,5.0,41.0,41.0,At Risk,
GCB Bank,GCB S2P,Formal Evaluation,Pipeline,146000.0,,35.6,35.6,50.8,50.8,Slowing,
Kisco Senior Living,Kisco Senior Living LLC_Opp_Nov25,Closed Lost,Omitted,135000.0,,,,,,Off Track,
University of Wollongong in Dubai,UOWD,Formal Evaluation,Pipeline,135000.0,,52.0,52.0,54.6,54.6,Slowing,
Stemline Therapeutics Inc,Stemline Opp- Sep'25,Formal Evaluation,Pipeline,130000.0,,32.1,29.6,57.2,52.1,Slowing,
TAQA (Abu Dhabi National Energy),TAQA_Transmission_E-Proc & Intake,Qualified,Pipeline,130000.0,YES,5.0,5.0,25.0,8.0,Slowing,buyer has parked the deal (next step: 'Shelved') with no live engagement (engagement pts 0.0) — a status update confirming a freeze is not buyer momentum; dormant
Coursera Inc,Coursera_contract+eproc+intake_Mar26,Qualified,Pipeline,130000.0,,5.0,5.0,31.9,31.9,Off Track,
VODAFONE IDEA LIMITED,Vodafone-CLM-June'26,Formal Evaluation,Pipeline,130000.0,,52.0,52.0,78.5,78.5,At Risk,
BitSight,BitSight P2P Evaluation,Shortlisted,Upside Key Deal,130000.0,,33.8,33.8,36.0,36.0,Slowing,
NVISION Eye Centers,NvisionEyeCenter_S2P_May26,Formal Evaluation,Best Case,130000.0,,52.0,52.0,68.0,68.0,Close Date Risk,
Manscaped,Manscaped_P2P_Mar26,Shortlisted,Upside Key Deal,130000.0,,28.4,28.4,43.0,43.0,Slowing,
Metallus,Metallus_eInvoicing_May'26,Shortlisted,Best Case,127400.0,,46.3,46.3,50.0,50.0,At Risk,
Culture Fresh Foods,CFF_iSource+CLM+eProc_Opp_July'26,Qualified,Pipeline,125000.0,,5.0,5.0,38.0,35.0,Off Track,
NY Creates,NYCreates_iSupplier+iRisk+eProc_Opp_June'26,Qualified,Pipeline,125000.0,,24.6,24.6,56.0,56.0,Slowing,
Checkers - Rally's,Checkers - Rally's_ Opp - February '26,Qualified,Best Case,125000.0,,5.0,5.0,25.0,25.0,Slowing,
Actylis,Actylis S2C Opp_April'26,Qualified,Pipeline,125000.0,,5.0,5.0,38.0,35.0,Off Track,
Florida A&M University,Florida A&M University_ Opp - March '26,Qualified,Pipeline,125000.0,,5.0,5.0,24.8,19.8,Slowing,
"Pep Promotions Execution Partners, LLC",Pep Opp - December '25,Shortlisted,Upside Key Deal,120000.0,,50.5,34.1,51.4,35.0,Off Track,
Barbizon Lighting Co,BarbizonLighting_Opp_S2C_April'26,Qualified,Pipeline,120000.0,,5.0,5.0,24.0,22.0,Slowing,
"MedImpact Healthcare Systems, Inc.",MedImpact_Spend+Supplier_June'26,Qualified,Pipeline,120000.0,,30.0,30.0,64.0,64.0,On Track,
Drees Homes,Drees Homes_Sourcing&SRPM_Opp_June'26,Qualified,Pipeline,120000.0,,18.2,18.2,41.2,41.2,Slowing,
Bronte Construction,Bronte Construction Opp isupp iSource P2P ANA Mar '26,Qualified,Pipeline,120000.0,,5.0,5.0,31.6,31.6,Off Track,
Milliken,Milliken_CLM/SRM/Intake/ANA,Qualified,Pipeline,120000.0,,27.3,26.7,61.2,60.0,Slowing,
"Banc of California, Inc.",BancofCalifornia_S2C_May'26,Qualified,Pipeline,120000.0,,13.6,13.6,46.0,46.0,At Risk,
"Riot Games, Inc",RiotGames_einvoicing_June'26,Qualified,Pipeline,120000.0,,29.2,29.2,58.9,58.9,Slowing,
"Bailey Nurseries, Inc.",BaileyNurseries_P2P_Feb26,Formal Evaluation,Pipeline,120000.0,,22.2,18.4,55.3,49.8,Slowing,
ITT INC,ITT_Spend_May'26,Qualified,Pipeline,120000.0,,5.0,5.0,42.0,42.0,Slowing,
GoTyme Bank,GoTyme CLM,Formal Evaluation,Pipeline,120000.0,,26.7,11.7,50.0,35.0,Off Track,
First Horizon Bank,First horizon_intake + imanage_june'26,Qualified,Pipeline,120000.0,,22.6,19.4,54.9,49.2,Slowing,
"McCormick & Company, Inc",McCormick_SRM+Intake_April'26,Qualified,Pipeline,120000.0,,5.0,5.0,31.0,31.0,Slowing,
HEIFER PROJECT INTERNATIONAL,Heifer_S2C_March26,Qualified,Pipeline,120000.0,,7.8,7.8,33.1,33.1,Off Track,
Thompson Pipe Group,ThompsonPipeGroup_S2P_May26,Formal Evaluation,Pipeline,120000.0,,69.6,69.6,64.4,64.4,Close Date Risk,
Tekni-Plex Inc,Tekni-Plex_ANA_Apr'26,Qualified,Pipeline,120000.0,,26.6,26.6,48.0,48.0,Slowing,
DuBois Chemicals Inc.,DuBois Chemicals - December '25,Formal Evaluation,Best Case,115000.0,,5.0,5.0,25.0,25.0,Slowing,
Lapp Gruppe,Lapp_eproc_2026,Formal Evaluation,Pipeline,115000.0,,52.0,46.0,78.0,60.0,Slowing,
Symrise,"Symrise [S2C, Intake] April'26",Qualified,Pipeline,110000.0,,15.8,15.8,52.0,52.0,Slowing,
Quest Diagnostics Incorporated,Quest Diagnostics [S2P] Jan'26,Qualified,Pipeline,110000.0,,5.0,5.0,38.9,34.0,Slowing,
"AdaptHealth, LLC",AdaptHealth [S2P] April'26,Qualified,Pipeline,110000.0,,20.2,20.2,34.9,34.9,Slowing,
Bausch Health Companies Inc,BauschHealth [S2P] Oct'25,Qualified,Pipeline,110000.0,,5.0,5.0,39.7,39.7,Slowing,
Norwegian Cruise Line Holdings Ltd,NCLH_Spend+CLM_March2026,Formal Evaluation,Pipeline,110000.0,,33.7,33.7,64.0,64.0,On Track,
Pacific Seafood,PacificSeafood_SourcingMay'26,Qualified,Pipeline,110000.0,,13.1,5.0,46.0,35.0,Off Track,
Carmeuse,Carmeuse_S2P_May'26,Qualified,Pipeline,110000.0,,30.0,30.0,64.0,64.0,On Track,
Newrez LLC,Newrez [S2P] Feb'26,Qualified,Pipeline,110000.0,,5.0,5.0,25.0,25.0,Slowing,
Roark Capital Group Inc.,Roark Capital Group Inc_Intake+Sourcing+CLM_May'26,Qualified,Pipeline,110000.0,,10.1,10.1,42.4,42.4,Slowing,
TEGNA Inc,TEGNA_S2P_Apr'2026,Qualified,Pipeline,110000.0,,11.2,11.2,31.2,31.2,Slowing,
Apotex Inc,Apotex [ANA] Nov'25,Qualified,Pipeline,110000.0,,5.0,5.0,25.0,25.0,Slowing,
PSEG,PSEG_S2P_May'26,Qualified,Pipeline,110000.0,,,10.1,,48.0,At Risk,
DUBAI WORLD TRADE CENTRE,DWTC _ iRisk & iContract _2025,Formal Evaluation,Pipeline,110000.0,,8.2,8.2,25.0,25.0,Slowing,
Scheme Financial Vehicle,Scheme FInancial_CLM,Shortlisted,Best Case,110000.0,,52.0,31.3,85.0,35.0,Off Track,
Los Angeles Department of Water and Power,LADWP_S2PMay'26,Qualified,Pipeline,110000.0,,5.0,5.0,46.0,46.0,At Risk,
Hager Group,Hager Group_CLM,Formal Evaluation,Pipeline,110000.0,,40.0,40.0,30.5,30.5,Close Date Risk,
Lions Gate Entertainment Inc,LionsGate_S2C_March'26,Formal Evaluation,Pipeline,110000.0,,50.8,50.8,93.0,93.0,Close Date Risk,
Fulton Bank,Fulton Bank [S2P],Qualified,Pipeline,110000.0,,5.0,5.0,21.5,15.8,Slowing,
Metso Oyj,Metso ANA May'26,Qualified,Pipeline,110000.0,,7.4,7.4,43.6,43.6,Slowing,
Pennsylvania Higher Education Assistance Agency,PHEAA_S2C_Opp_April'26,Qualified,Pipeline,100000.0,,8.9,8.9,39.6,39.6,Slowing,
Seminole County Government,Seminole County_P2P_Opp - May '26,Qualified,Pipeline,100000.0,,17.5,17.5,51.6,51.6,Slowing,
Civeo Corporation,Civeo _ S2C_May26,Qualified,Pipeline,100000.0,,30.0,30.0,69.5,69.5,Close Date Risk,
Skjodt-Barrett Foods Inc,Skjodt-Barrett Foods_S2C+Spend_June26,Qualified,Pipeline,100000.0,,30.0,30.0,56.8,56.8,Slowing,
oq.com,Oman Oil_Supplier Management_2026,Qualified,Pipeline,100000.0,,30.0,30.0,52.0,52.0,Slowing,
Tufts University,TuftsUni_OPP_Nov'25,Qualified,Pipeline,100000.0,,13.4,10.6,55.4,49.9,Slowing,
PT SMART Tbk,PT SMART Tbk - ANA,Qualified,Pipeline,100000.0,,5.0,5.0,25.0,25.0,Slowing,
Stratasys Inc,Stratasys_EProc+EInvoicing_April26,Qualified,Pipeline,100000.0,,28.9,28.9,40.8,40.8,Slowing,
Nippon Life Insurance Company,Nippon Life Insurance Company_ Opp - April '26,No Decision,Omitted,100000.0,,24.1,,48.0,,Slowing,
QuantumScape,QuantumScapes_P2P_June26,Qualified,Pipeline,100000.0,,21.6,21.6,58.0,58.0,On Track,
Lakeside Book Company,Lakeside - eProc Opp - April '26,Qualified,Pipeline,100000.0,,16.6,5.0,48.0,35.0,Off Track,
American Place,American Place - eProc Opp - April '26,Qualified,Pipeline,100000.0,,15.9,15.9,48.0,48.0,Slowing,
Napco National,Napco National_S2P_2026,Qualified,Pipeline,100000.0,,7.9,7.9,48.9,48.9,At Risk,
The Options Clearing Corporation,Options Clearing - S2C Opp - April '26,Qualified,Pipeline,100000.0,,5.0,5.0,32.0,32.0,Off Track,
Charging NC,Charging_SRPM_June '26,Qualified,Pipeline,100000.0,,30.0,30.0,64.0,64.0,Close Date Risk,
DIRECT TRAVEL INC.,DirectTravel_CLM+Invoice_March26,Qualified,Pipeline,100000.0,,5.0,5.0,25.0,25.0,Slowing,
Pupuk Indonesia (Persero),Pupuk_Indo_CLM,Qualified,Pipeline,100000.0,,5.0,5.0,26.5,21.8,Slowing,
Angel One Ltd,Angelone_S2P_Jun'26,Qualified,Pipeline,100000.0,,30.0,30.0,64.0,64.0,Close Date Risk,
Erste Group Bank AG,Erste Group iSource,Formal Evaluation,Pipeline,100000.0,,31.4,31.4,58.0,58.0,Close Date Risk,
Metroselskabet,Metro_SRPM_2025,Qualified,Pipeline,100000.0,,30.0,30.0,60.0,60.0,Slowing,
National Payments Corporation of India (NPCI),NPCI_S2P_Jun'26,Qualified,Pipeline,100000.0,,19.4,19.4,61.0,61.0,At Risk,
Sinarmas Mining,Sinarmas_Indo_ANA,Qualified,Pipeline,100000.0,,24.9,24.9,42.6,42.6,Slowing,
Pattern Energy,Pattern_Energy_ANA+Intake_May26,Qualified,Pipeline,100000.0,,28.4,26.4,64.0,60.0,Slowing,
PDI Technologies,PDI Tech Opp - Feb '26,Formal Evaluation,Pipeline,100000.0,,28.9,23.9,35.5,30.5,Slowing,
Axens,Axens_Supplier+Invoicing_March26,Qualified,Pipeline,100000.0,,14.7,5.7,44.0,35.0,Off Track,
Nellson LLC,NellsonLLC_S2C_June26,Qualified,Pipeline,100000.0,,30.0,30.0,54.8,54.8,Slowing,
Bundesdruckerei GmbH,"Bundesdruckerei iSupplier, iContract",Qualified,Pipeline,100000.0,,30.0,30.0,52.0,52.0,Slowing,
RWDC Industries,RWDC Industries_S2C_ Opp May '26,Qualified,Pipeline,100000.0,,21.6,21.6,46.0,46.0,Slowing,
"Progyny, Inc.",Progyny [eProc/Sourcing] - Nov 2025,No Decision,Closed,100000.0,,14.0,14.0,25.0,25.0,Off Track,
Reliance Industries Limited,RCPL_S2P_MAY'26,Qualified,Pipeline,100000.0,,30.0,30.0,64.0,60.0,Slowing,
ABB,ABB_Intake+ANA_Jun'26,Qualified,Pipeline,100000.0,,30.0,30.0,64.0,64.0,On Track,
The Chemours Company,Chemours [Intake/SRM/CLM],Qualified,Pipeline,100000.0,,9.9,5.0,46.0,35.0,Off Track,
Axis Pipe and Tube Inc,AxisPipe_S2P_May26,Qualified,Pipeline,100000.0,,5.4,5.4,40.4,40.4,Slowing,
Bayerische Milchindustrie eG,BMI S2P 2026,Formal Evaluation,Pipeline,100000.0,,17.0,17.0,25.0,25.0,At Risk,
aurorium,Aurorium_S2C_May '26,Qualified,Pipeline,100000.0,,5.0,5.0,38.0,35.0,Off Track,
TEXAS STATE UNIVERSITY,TXST_esourcing+risk+contract_April26,Qualified,Pipeline,100000.0,,10.3,7.3,38.0,35.0,Off Track,
"Dana-Farber Cancer Institute, Inc.",Dana Farber Cancer Institute - eProc/CLM/ANA - April'26,Qualified,Pipeline,100000.0,,5.0,5.0,21.0,19.0,Slowing,
EVN AG,"EVN iSupplier, eProc, iContract",Qualified,Pipeline,100000.0,,30.0,30.0,64.0,64.0,On Track,
The Boston Beer Company,The Boston Beer Company_CLM_May2026,Qualified,Pipeline,100000.0,,5.0,5.0,38.0,35.0,Off Track,
Southern Nuclear Operating Co,Southern Nuclear Operating Co Opp P2P + SRM + Spend- May '26,Qualified,Pipeline,100000.0,,5.0,5.0,42.0,42.0,Slowing,
Chase Cost Management,CCM_RFP P2P + Sourcing _Opp_May'26,Qualified,Pipeline,100000.0,,5.0,5.0,46.0,46.0,Slowing,
PremiStar,PremiStar_P2P_June '26,Qualified,Pipeline,100000.0,,30.0,30.0,64.0,64.0,On Track,
Aerotech,Aerotech ANA + iSource S2C_Opp_May'26,Qualified,Pipeline,100000.0,,5.0,5.0,25.0,25.0,At Risk,
Viaero Wireless,Viaero Wireless_SRM+P2P_May'26,Qualified,Pipeline,100000.0,,5.0,5.0,42.0,35.0,Off Track,
Meta Platforms,Meta_P2P_Intake,Qualified,Pipeline,100000.0,,5.0,5.0,15.0,13.0,Slowing,
"United Airlines, Inc",UA Intake 2026,Qualified,Pipeline,100000.0,,9.8,5.0,51.5,46.0,Slowing,
Raiffeisen,"Raiffeisen Intake, eProc, iSource, eInvoice",Qualified,Pipeline,100000.0,,30.0,30.0,57.0,57.0,Slowing,
Travel + Leisure,Travel+Leisure [ANA] Nov 2025,Qualified,Pipeline,100000.0,,23.5,23.5,58.0,58.0,Slowing,
Vvf LLC,Vvf LLC Opp S2P - May '26,Qualified,Pipeline,100000.0,,5.0,5.0,25.0,25.0,Off Track,
IDB Invest,IDB Invest OppCLM Nov'25,Shortlisted,Upside Key Deal,100000.0,,43.5,43.5,46.0,46.0,At Risk,
MFAM,MFAM_einvoicing+supplier+intake_Jan'26,Formal Evaluation,Pipeline,100000.0,,34.7,34.7,49.8,49.8,Slowing,
"Monroe Energy, LLC",MonroeEnergy_P2P + sourcing Opp_May'26,Qualified,Pipeline,100000.0,,5.0,5.0,25.0,25.0,Slowing,
Estremar,Estremar_P2P+SIM_Apr'26,Qualified,Pipeline,100000.0,,5.0,5.0,42.0,35.0,Off Track,
Greater Orlando Aviation Authority,Orlando Aviation - Jun '26,Qualified,Best Case,100000.0,,23.5,23.5,66.0,66.0,Close Date Risk,
Hunter Engineering Co,HunterEngineering_CLM+Invoice_March26,Qualified,Pipeline,100000.0,,5.0,5.0,25.0,25.0,Slowing,
Veolia Water Technologies,Veolia water technologies_intake_May'26,Qualified,Pipeline,100000.0,,5.0,5.0,25.0,25.0,Off Track,
Jackson Lewis PC,JacksonLewis_Opp_Jan'26,Qualified,Pipeline,90000.0,,5.0,5.0,25.0,25.0,Slowing,
AGL Energy Ltd,AGL Energy_Spend_2026,Qualified,Pipeline,90000.0,,30.0,30.0,65.6,60.0,Slowing,
DE BEERS,DE BEERS SPRM,Formal Evaluation,Pipeline,81000.0,,5.0,5.0,25.0,25.0,Slowing,
DWG LLC,DWG_Opp - April '26,Qualified Out,Omitted,75000.0,,10.5,,31.6,,Slowing,
The University of New Hampshire (UNH),USNH_Intake_Opp_June'26,Qualified,Pipeline,75000.0,,30.0,30.0,56.0,56.0,Slowing,
AAK,AAK - eProc/Merlin Intake Mar'26,Shortlisted,Best Case,75000.0,,52.0,51.9,48.0,42.9,Slowing,
Definitive Healthcare,DefinitiveHealthcare_CLM + SRM + Risk + P2POpp_May'26,Qualified,Pipeline,75000.0,,23.2,23.2,46.4,46.4,Slowing,
"Central Motor Wheel Of America, Inc.",CMWA_Sourcing&Proc_Opp_April'26,Qualified,Pipeline,70000.0,,16.9,16.9,37.2,37.2,Slowing,
BerQ RNG,BernQ RNG Opp S2C Feb '26,Qualified,Pipeline,70000.0,,5.0,5.0,25.0,25.0,Off Track,
Twin Cities Orthopedics PA,TwinCity_Orthopedics_CLM+SRM_Apr26,Qualified,Pipeline,70000.0,,30.0,30.0,58.5,58.5,Slowing,
VIA Metropolitan Transit,VIAMetropolitan_SpendAnalytics_ April26,Qualified,Pipeline,70000.0,,7.4,7.4,34.4,34.4,At Risk,
"Cadence Design Systems, Inc.",Cadence Design_iRisk_May'26,Formal Evaluation,Pipeline,65000.0,,16.8,9.3,42.5,35.0,Off Track,
Fortive Corporation,FortiveIntake Merlin_May'26,Shortlisted,Best Case,60000.0,,70.0,70.0,52.8,52.8,On Track,
Southwest Research Institute,Southwest Research Institute_iSupplier'26,Qualified,Pipeline,51150.0,,6.7,6.7,39.5,39.5,Slowing,
Cascades inc,Cascades_CLM_May'26,Qualified,Pipeline,50000.0,,22.4,22.4,50.6,50.6,On Track,
Touro University,TouroUniversity_Intake_Opp_June'26,Qualified,Pipeline,50000.0,,12.3,12.3,51.5,51.5,At Risk,
Deciphera Pharmaceuticals,Deciphera Pharmaceuticals_Sourcing_Opp_May'26,Qualified,Pipeline,50000.0,,10.5,10.5,51.4,51.4,Slowing,
CIMA+ Construction,CIMA - CLM Evaluation,Qualified,Pipeline,50000.0,,5.0,5.0,25.4,19.9,Slowing,
Swift SC,Swift Legal_CLM,Vendor Selected,Commit,45000.0,,99.0,99.0,64.0,64.0,Close Date Risk,
Omnia Holdings Limited,Omnia_Certinal,6. Contract Negotiation,Commit,7500.0,,99.0,99.0,64.0,64.0,Close Date Risk,
Discovery Ltd,Discovery S2C,Qualified,Pipeline,0.0,,,6.5,,42.0,At Risk,
Sasol Limited,Sasol via Letsema,Qualified,Pipeline,0.0,,5.0,5.0,38.0,35.0,Off Track,
